Model,Training Accuracy,Training Precision,Training Recall,Training F1-Score,Training ROC-AUC,CV Mean Accuracy,CV Std,Generalization Gap
SVM,1.0,1.0,1.0,1.0,1.0,0.996875,0.00625,0.0031250000000000444
Logistic Regression,1.0,1.0,1.0,1.0,1.0,0.99375,0.007654655446197431,0.006249999999999978
Random Forest,1.0,1.0,1.0,1.0,1.0,0.990625,0.007654655446197431,0.009375000000000022
AdaBoost,1.0,1.0,1.0,1.0,1.0,0.990625,0.012499999999999999,0.009375000000000022
LightGBM,1.0,1.0,1.0,1.0,1.0,0.984375,0.01711632992203644,0.015625
XGBoost,0.996875,0.9950248756218906,1.0,0.9975062344139651,1.0,0.98125,0.018221724671391562,0.015625
Gradient Boosting,1.0,1.0,1.0,1.0,1.0,0.975,0.027243118397129208,0.025000000000000022
KNN,1.0,1.0,1.0,1.0,1.0,0.9625,0.012499999999999999,0.03749999999999998
Decision Tree,0.990625,0.9852216748768473,1.0,0.9925558312655087,0.9993333333333333,0.953125,0.01711632992203644,0.03749999999999998
